ID_EL,BLOQUE,ELEMENTO,TIPO,LOOP,CASO_ALC,CASO_MNN,SDG_TARGET,OBJETIVO_KPI
COND001,00_GEN,CONDICIONANTES GEOMORFOLÓGICOS,COND,NO,np.nan,np.nan,np.nan,np.nan
COND002,00_GEN,COMPETENCIAS LOCALES,COND,NO,np.nan,np.nan,np.nan,np.nan
HOG001,00_GEN,NÚMERO DE HOGARES,COND,NO,np.nan,np.nan,np.nan,np.nan
NOR001,00_GEN,MARCO NORMATIVO PARA ECODISEÑO Y REUTILIZACIÓN,COND,NO,np.nan,np.nan,np.nan,np.nan
NOR002,00_GEN,NORMATIVA QUE CONTEMPLE MEDIDAS PUNITIVAS,COND,NO,np.nan,np.nan,np.nan,np.nan
POB001,00_GEN,TAMAÑO DE LA POBLACIÓN,COND,NO,np.nan,np.nan,np.nan,np.nan
POB002,00_GEN,POBLACIÓN MAYORE DE 65 AÑOS,COND,NO,np.nan,np.nan,np.nan,np.nan
POB003,00_GEN,POBLACIÓN MENOR DE 18 AÑOS,COND,NO,np.nan,np.nan,np.nan,np.nan
POB004,00_GEN,POBLACIÓN FEMENINA,COND,NO,np.nan,np.nan,np.nan,np.nan
POB005,00_GEN,ENVEJECIMIENTO DE LA POBLACIÓN,COND,NO,np.nan,np.nan,np.nan,np.nan
POB006,00_GEN,CRECIMIENTO DE LA POBLACIÓN,COND,NO,np.nan,np.nan,np.nan,np.nan
POL001,00_GEN,CARGOS ELECTOS EN LA ENTIDAD PÚBLICA,COND,NO,np.nan,np.nan,np.nan,np.nan
NOR003,00_GEN ,NORMATIVA Y LEGISLACIÓN,COND,NO,np.nan,np.nan,np.nan,np.nan
AG002,01_AG,CONSUMO INDUSTRIAL DE AGUA,PASO,NO,np.nan,np.nan,np.nan,np.nan
AG003,01_AG,CONSUMO AGRARIO DE AGUA,PASO,NO,np.nan,np.nan,np.nan,np.nan
AG004,01_AG,CONSUMO DE AGUA DOMÉSTICO,PASO,SI,np.nan,np.nan,np.nan,np.nan
AG005,01_AG,CONSUMO TOTAL DE AGUA,KPI,SI,np.nan,MED,6.4,-1.0
AG006,01_AG,AGUA DISPONIBLE PARA CONSUMO,PASO,SI,np.nan,np.nan,np.nan,np.nan
AG007,01_AG,CANTIDAD TOTAL DE AGUA,COND,SI,MED,np.nan,np.nan,np.nan
AG008,01_AG,AGUA CONTAMINADA,KPI,SI,np.nan,np.nan,6.3,-1.0
AG026,01_AG,RIEGO DE ZONAS VERDES,ENTR,SI,MED,MED,np.nan,np.nan
AG027,01_AG,HÁBITOS DE CONSUMO RESPONSABLE DE AGUA,ENTR,SI,np.nan,np.nan,np.nan,np.nan
AG032,01_AG,COSTE DEL ABASTECIMIENTO DOMÉSTICO,PASO,SI,np.nan,np.nan,np.nan,np.nan
AG038,01_AG,SISTEMAS DE GESTIÓN Y TRATAMIENTO DE AGUAS RESIDUALES,ENTR,NO,np.nan,MED,np.nan,np.nan
AG039,01_AG,AGUA RECUPERADA Y REGENERADA,KPI,NO,MED,MED,6.5,1.0
AG040,01_AG,AGUA POTABILIZADA,KPI,NO,np.nan,np.nan,6.5,1.0
EN007,02_EN,MIX ENERGÉTICO NACIONAL,COND,NO,np.nan,np.nan,np.nan,np.nan
EN008,02_EN,COSTE DEL COMBUSTIBLE,COND,NO,np.nan,np.nan,np.nan,np.nan
EN009,02_EN,ACCESIBILIDAD DE LA ENERGÍA,KPI,NO,np.nan,np.nan,7.1,1.0
EN010,02_EN,CONSUMO FINAL DE ENERGÍA ELÉCTRICA,KPI,SI,MED,np.nan,7.3,-1.0
EN011,02_EN,CONSUMO FINAL DE COMBUSTIBLES,KPI,NO,MED,np.nan,7.2,-1.0
EN012,02_EN,CONSUMO DE ENERGÍA PRIMARIA,KPI,NO,np.nan,np.nan,7.3,-1.0
EN027,02_EN,HÁBITOS DE CONSUMO RESPONSABLE DE ENERGÍA ELÉCTRICA,ENTR,SI,np.nan,np.nan,np.nan,np.nan
EN028,02_EN,COSTE DEL ABASTECIMIENTO ENERGÉTICO,PASO,SI,np.nan,np.nan,np.nan,np.nan
EN030,02_EN,EFICIENCIA ENERGÉTICA DE LAS VIVIENDAS,ENTR,NO,MED,np.nan,np.nan,np.nan
EN034,02_EN,CONSUMO DE ENERGÍA ELÉCTRICA EN TRANSPORTE,PASO,NO,np.nan,np.nan,np.nan,np.nan
EN035,02_EN,MEDIDAS DE AHORRO Y EFICIENCIA ENERGÉTICA,ENTR,NO,MED,MED,np.nan,np.nan
EN037,02_EN,ALUMBRADO URBANO,ENTR,NO,MED,MED,np.nan,np.nan
EN038,02_EN,CONSUMO ELÉCTRICO FLOTA DE VEHÍCULOS PÚBLICOS,PASO,NO,np.nan,np.nan,np.nan,np.nan
EN042,02_EN,EFICIENCIA ENERGÉTICA DEL PARQUE EDIFICATORIO PÚBLICO,ENTR,NO,np.nan,np.nan,np.nan,np.nan
EN043,02_EN,PRODUCCIÓN LOCAL EE.RR,ENTR,NO,MED,MED,np.nan,np.nan
EN047,02_EN,CONSUMO DE COMBUSTIBLES DE LA FLOTA DE VEHÍCULOS PÚBLICOS,PASO,NO,np.nan,np.nan,np.nan,np.nan
EN052,02_EN,CONSUMO DE COMBUSTIBLES EN TRANSPORTE,PASO,NO,np.nan,np.nan,np.nan,np.nan
EN053,02_EN,HÁBITOS DE CONSUMO RESPONSABLE DE COMBUSTIBLES,ENTR,NO,np.nan,np.nan,np.nan,np.nan
EM001,03_EM,EMISIONES DE LA COMBUSTIÓN EN LA PRODUCCIÓN Y TRANSFORMACIÓN DE ENERGÍA,COND,NO,np.nan,np.nan,np.nan,np.nan
EM002,03_EM,EMISIONES DE LA EXTRACCIÓN Y DISTRIBUCIÓN DE COMBUSTIBLES FÓSILES Y ENERGÍA GEOTÉRMICA,COND,NO,np.nan,np.nan,np.nan,np.nan
EM003,03_EM,EMISIONES DE GEI DE LOS FENÓMENOS NATURALES,COND,NO,np.nan,np.nan,np.nan,np.nan
EM004,03_EM,"ACIDIFICADORES (SOx, NOx,NH3)",KPI,SI,np.nan,np.nan,11.6,-1.0
EM005,03_EM,"PRECURSORES DEL OZONO TROPOSFÉRICO (NOx, COV, CH4, CO)",KPI,SI,np.nan,np.nan,11.6,-1.0
EM006,03_EM,"GASES DE EFECTO INVERNADERO (CO2, CH4, N2O,SF6,HFC,PFC)",KPI,SI,np.nan,np.nan,11.6,-1.0
EM007,03_EM,"METALES PESADOS (As, Cd, Cr, Cu, Hg, Ni, Pb, Se, Zn)",KPI,NO,np.nan,np.nan,11.6,-1.0
EM008,03_EM,"PARTÍCULAS (PM2.5, PM10, PST, BC)",KPI,NO,np.nan,np.nan,11.6,-1.0
EM009,03_EM,EMISIONES ANTROPOGÉNICAS,KPI,NO,np.nan,np.nan,13.2,-1.0
EM010,03_EM,EMISIONES DE LOS CAMBIOS DE USO DEL SUELO,KPI,SI,np.nan,np.nan,13.2,-1.0
EM011,03_EM,EMISIONES DE LAS PLANTAS DE COMBUSTIÓN NO INDUSTRIAL,ENTR,NO,np.nan,np.nan,np.nan,np.nan
EM012,03_EM,EMISIONES DE LAS PLANTAS DE COMBUSTIÓN INDUSTRIAL,PASO,NO,np.nan,np.nan,np.nan,np.nan
EM013,03_EM,EMISIONES DE LOS PROCESOS INDUSTRIALES SIN COMBUSTIÓN,PASO,NO,np.nan,np.nan,np.nan,np.nan
EM014,03_EM,EMISIONES DEL USO DE DISOLVENTES Y OTROS PRODUCTOS,PASO,NO,np.nan,np.nan,np.nan,np.nan
EM015,03_EM,EMISIONES DEL TRATAMIENTO Y ELIMINACIÓN DE RESIDUOS,PASO,NO,np.nan,np.nan,np.nan,np.nan
EM016,03_EM,EMISIONES DE LA AGRICULTURA,PASO,NO,np.nan,np.nan,np.nan,np.nan
EM017,03_EM,EMISIONES DE OTROS MODOS DE TRANSPORTE Y MAQUINARIA MÓVIL,ENTR,NO,np.nan,np.nan,np.nan,np.nan
EM018,03_EM,EMISIONES DEL TRANSPORTE POR CARRETERA,KPI,NO,np.nan,np.nan,13.2,-1.0
EM019,03_EM,ACIDIFICACIÓN,KPI,NO,np.nan,np.nan,6.3;14.3,-1.0
EM020,03_EM,EUTROFIZACIÓN,KPI,NO,np.nan,np.nan,6.3;14.1,-1.0
EM021,03_EM,TOXICIDAD PARA FAUNA Y FLORA,KPI,NO,np.nan,np.nan,6.3;14.1;15.1,-1.0
CC001,04_CC,EMISIONES GLOBALES DE GASES DE EFECTO INVERNADERO,COND,NO,np.nan,np.nan,np.nan,np.nan
CC002,04_CC,"CALIDAD, COMFORT Y SEGURIDAD DEL ENTORNO",KPI,SI,np.nan,MED,16,1.0
CC003,04_CC,NIVEL DE EXPOSICIÓN A LOS EFECTOS DEL CC,PASO,NO,np.nan,np.nan,np.nan,np.nan
CC004,04_CC,NIVEL DE IMPACTO DEL CC SOBRE LAS FAMILIAS Y LAS PERSONAS,PASO,NO,np.nan,np.nan,np.nan,np.nan
CC005,04_CC,NIVEL DE IMPACTO DEL CC SOBRE LAS CIUDADES,PASO,SI,np.nan,np.nan,np.nan,np.nan
CC006,04_CC,NIVEL DE IMPACTO DEL CC SOBRE EL ENTORNO NATURAL,PASO,SI,np.nan,np.nan,np.nan,np.nan
CC007,04_CC,NIVEL DE IMPACTO DEL CC SOBRE LOS PROCESOS PRODUCTIVOS Y ACTIVIDADES ECONÓMICAS,PASO,NO,np.nan,np.nan,np.nan,np.nan
CC012,04_CC,VULNERABILIDAD DE LA POBLACIÓN AL CC,KPI,NO,np.nan,np.nan,13.3,-1.0
CC013,04_CC,CAPACIDAD PARA LA TOMA DE DECISIONES,PASO,NO,np.nan,np.nan,np.nan,np.nan
CC014,04_CC,VULNERABILIDAD DEL ENTORNO URBANO AL CC,KPI,SI,np.nan,np.nan,13.1,-1.0
CC015,04_CC,VULNERABILIDAD DEL ENTORNO NATURAL AL CC,KPI,SI,np.nan,np.nan,13.1,-1.0
CC023,04_CC,EXPERIENCIA PREVIA,PASO,NO,np.nan,np.nan,np.nan,np.nan
CC024,04_CC,SEGURIDAD,KPI,NO,MED,np.nan,16.1,1.0
CC025,04_CC,ESCASEZ DE RECURSOS,PASO,NO,np.nan,np.nan,np.nan,np.nan
CC026,04_CC,COMFORT TÉRMICO HOGAR,PASO,NO,np.nan,np.nan,np.nan,np.nan
CC027,04_CC,PROLIFERACIÓN DE PLAGAS Y ENFERMEDADES EN LAS CIUDADES,KPI,NO,np.nan,np.nan,3.2,-1.0
CC029,04_CC,INUNDACIONES,PASO,SI,MED,np.nan,np.nan,np.nan
CC030,04_CC,COMFORT TÉRMICO CIUDADES,PASO,NO,np.nan,np.nan,np.nan,np.nan
CC031,04_CC,PÉRDIDAS ECONÓMICAS,PASO,NO,np.nan,np.nan,np.nan,np.nan
CC032,04_CC,MOVILIDAD ESTACIONAL,PASO,NO,np.nan,np.nan,np.nan,np.nan
CC033,04_CC,MIGRACIONES INTRA E INTERMUNICIPALES,PASO,NO,np.nan,np.nan,np.nan,np.nan
CC035,04_CC,AUMENTO DEL RIESGO DE INCENDIO,PASO,NO,np.nan,np.nan,np.nan,np.nan
CC037,04_CC,PRODUCCIÓN DE ALIMENTOS,KPI,NO,np.nan,np.nan,2.4,1.0
CC038,04_CC,COSTE DE LA ALIMENTACIÓN,KPI,NO,np.nan,np.nan,2.1,-1.0
CC040,04_CC,CAMBIO EN LAS MATERIAS PRIMAS UTILIZADAS,PASO,NO,np.nan,np.nan,np.nan,np.nan
CC041,04_CC,COSTES DE PRODUCCIÓN O PRESTACIÓN DE SERVICIOS,PASO,NO,np.nan,np.nan,np.nan,np.nan
CC043,04_CC,CONSUMO ENERGÉTICO EN LA ACTIVIDAD,PASO,NO,np.nan,np.nan,np.nan,np.nan
CC045,04_CC,NECESIDADES DE TRANSPORTE DE LOS PRODUCTOS DE LA ACTIVIDAD,PASO,NO,np.nan,np.nan,np.nan,np.nan
CC046,04_CC,CONSUMO DE AGUA EN LA ACTIVIDAD,PASO,NO,np.nan,np.nan,np.nan,np.nan
CC047,04_CC,PÉRDIDAS EN EL PROCESO PRODUCTIVO,PASO,NO,np.nan,np.nan,np.nan,np.nan
CC051,04_CC,AUMENTO DEL CONSUMO DE RECURSOS,PASO,NO,np.nan,np.nan,np.nan,np.nan
ECC001,05_ECC,EFICIENCIA DE LA ESTRUCTURA Y LOGÍSTICA DE LA RECOGIDA SEPARATIVA DE RESIDUOS,PASO,SI,MED,MED,np.nan,np.nan
ECC002,05_ECC,EFICIENCIA DE LOS SISTEMAS DE TRATAMIENTO Y GESTIÓN DE RESIDUOS,PASO,SI,np.nan,np.nan,np.nan,np.nan
ECC003,05_ECC,RESIDUOS NO CONTROLADOS,KPI,NO,np.nan,np.nan,12.4,-1.0
ECC004,05_ECC,RESIDUOS DESCARTADOS Y ACUMULADOS,KPI,SI,np.nan,np.nan,12.4,-1.0
ECC005,05_ECC,RESIDUOS REPARADOS,KPI,NO,np.nan,np.nan,12.4,1.0
ECC006,05_ECC,RESIDUOS REUTILIZADOS,KPI,NO,np.nan,MED,12.4,1.0
ECC007,05_ECC,RESIDUOS RECICLADOS,KPI,NO,np.nan,MED,12.4,1.0
ECC008,05_ECC,RESIDUOS VALORIZADOS,KPI,NO,np.nan,np.nan,12.4,1.0
ECC009,05_ECC,IOT (smart cities),ENTR,NO,MED,np.nan,np.nan,np.nan
ECC010,05_ECC,ECONOMÍA COLABORATIVA,KPI,SI,MED,np.nan,12.8,1.0
ECC012,05_ECC,RESIDUOS SÓLIDOS URBANOS Y ASIMILABLES,PASO,SI,np.nan,np.nan,np.nan,np.nan
ECC025,05_ECC,CONSUMO DE MATERIALES,KPI,NO,np.nan,np.nan,12.2,-1.0
ECC026,05_ECC,ACTIVIDAD ECONÓMICA ASOCIADA AL APROVECHAMIENTO DE RESIDUOS,PASO,NO,np.nan,np.nan,np.nan,np.nan
ECC032,05_ECC,HÁBITOS DE CONSUMO RESPONSABLE DE MATERIALES,ENTR,NO,np.nan,np.nan,np.nan,np.nan
ECC033,05_ECC,RESIDUOS INDUSTRIALES,PASO,NO,np.nan,np.nan,np.nan,np.nan
ECC034,05_ECC,RESIDUOS AGRARIOS,PASO,NO,np.nan,np.nan,np.nan,np.nan
ECC060,05_ECC,RUIDO,ENTR,NO,np.nan,np.nan,11.6,np.nan
ECC061,05_ECC,EXTERNALIZACIÓN DE LOS RESIDUOS,PASO,NO,np.nan,np.nan,np.nan,np.nan
ECC062,05_ECC,ECONOMÍA INFORMAL ASOCIADA A LAS ACTIVIDADES DE APROVECHAMIENTO DE RESIDUOS,PASO,NO,np.nan,np.nan,np.nan,np.nan
ECC063,05_ECC,DESARROLLO DE NUEVOS SECTORES ECONÓMICOS,PASO,NO,np.nan,np.nan,np.nan,np.nan
ECC064,05_ECC,CONTROL DE LOS RESIDUOS DEPOSITADOS,PASO,SI,np.nan,np.nan,np.nan,np.nan
ECC066,05_ECC,BOLSAS DE RESIDUOS DE CÁMARAS DE COMERCIO,PASO,NO,np.nan,np.nan,np.nan,np.nan
ECC068,05_ECC,CONTROL Y VIGILANCIA DEL TRÁFICO,PASO,NO,MED,np.nan,np.nan,np.nan
ECC069,05_ECC,INFRAESTRUCTURA PARA EL SOPORTE DE LA ELECTRIFICACIÓN DE LAS FLOTAS,PASO,NO,MED,MED,np.nan,np.nan
ECC073,05_ECC,MOVILIDAD COMPARTIDA,ENTR,NO,MED,np.nan,np.nan,np.nan
ECC074,05_ECC,ECONOMÍA DE PROXIMIDAD,KPI,NO,np.nan,np.nan,12.8,1.0
ECC075,05_ECC,CONSUMO DE PRODUCTOS DE PROXIMIDAD Y DE TEMPORADA,ENTR,SI,np.nan,np.nan,np.nan,np.nan
ECC076,05_ECC,AGRICULTURA URBANA,ENTR,SI,np.nan,np.nan,np.nan,np.nan
ECC077,05_ECC,CREACIÓN DE NUEVOS MERCADOS,PASO,NO,np.nan,np.nan,np.nan,np.nan
ECC078,05_ECC,MATERIALES DE CONSTRUCCIÓN MÁS SOSTENIBLES,PASO,NO,np.nan,np.nan,np.nan,np.nan
ECC079,05_ECC,MATERIALES REUTILIZADOS,KPI,NO,np.nan,np.nan,12.2,1.0
ECC080,05_ECC,MADERA,PASO,NO,np.nan,np.nan,np.nan,np.nan
ECC081,05_ECC,HORMIGÓN,PASO,NO,np.nan,np.nan,np.nan,np.nan
ECC083,05_ECC,MEJORA DEL AISLAMIENTO Y LA CAPACIDAD DE REGULACIÓN TÉRMICA,PASO,NO,np.nan,np.nan,np.nan,np.nan
ECC086,05_ECC,REDUCCIÓN Y REUTILIZACIÓN DE LOS RESIDUOS DE CONSTRUCCIÓN,PASO,NO,np.nan,MED,np.nan,np.nan
ECC087,05_ECC,CONSUMO DE MATERIAS PRIMAS,KPI,NO,np.nan,np.nan,9.5,-1.0
ECC088,05_ECC,EMISIONES DE LA PRODUCCIÓN DE MATERIALES DE CONSTRUCCIÓN,PASO,NO,np.nan,np.nan,np.nan,np.nan
ECC089,05_ECC,RESIDUOS DE CONSTRUCCIÓN,PASO,NO,np.nan,np.nan,np.nan,np.nan
EC001,06_EC,DESEMPLEO ESTRUCTURAL,COND,NO,np.nan,np.nan,np.nan,np.nan
EC002,06_EC,Nº DE PERSONAS CON INGRESOS POR HOGAR,COND,NO,np.nan,np.nan,np.nan,np.nan
EC003,06_EC,Nº DE PERSONAS DEPENDIENTES POR HOGAR,COND,NO,np.nan,np.nan,np.nan,np.nan
EC004,06_EC,MECANISMOS DE LUCHA CONTRA EL DESEMPLEO,ENTR,SI,np.nan,np.nan,np.nan,np.nan
EC005,06_EC,MEDIDAS DE REGULACIÓN DEL MERCADO LABORAL,ENTR,SI,np.nan,np.nan,np.nan,np.nan
EC006,06_EC,MEDIDAS DE PROTECCIÓN SOCIAL,ENTR,SI,np.nan,np.nan,np.nan,np.nan
EC007,06_EC,"PROGRAMAS DE APOYO A COMERCIO, TURISMO, PEQUEÑAS Y MEDIANAS EMPRESAS",ENTR,SI,np.nan,np.nan,np.nan,np.nan
EC008,06_EC,PROGRAMAS DE APOYO PARA EL SECTOR PRIMARIO,ENTR,NO,np.nan,np.nan,np.nan,np.nan
EC009,06_EC,PROGRAMAS DE APOYO PARA EL SECTOR INDUSTRIA Y ENERGÍA,ENTR,SI,np.nan,np.nan,np.nan,np.nan
EC010,06_EC,PROGRAMAS PARA EL DESARROLLO DE TRANSPORTE PÚBLICO,ENTR,NO,np.nan,np.nan,np.nan,np.nan
EC011,06_EC,PROGRAMAS PARA MEJORA Y DESARROLLO DE INFRAESTRUCTURAS,ENTR,NO,np.nan,np.nan,np.nan,np.nan
EC012,06_EC,"PROGRAMAS DE INVESTIGACIÓN, DESARROLLO E INNOVACIÓN",ENTR,SI,np.nan,MED,np.nan,np.nan
EC013,06_EC,OFERTA DE EMPLEO,PASO,SI,np.nan,np.nan,np.nan,np.nan
EC014,06_EC,RENTA BRUTA POR PERSONA,KPI,SI,np.nan,np.nan,1.1;1.2,1.0
EC015,06_EC,DEMANDA DE EMPLEO,PASO,SI,np.nan,MED,np.nan,np.nan
EC018,06_EC,PRODUCTIVIDAD,KPI,SI,np.nan,np.nan,8.1,1.0
EC019,06_EC,CRECIMIENTO ECONÓMICO,KPI,SI,np.nan,MED,8.1,1.0
EC020,06_EC,PRECIOS (INFLACIÓN),KPI,SI,np.nan,np.nan,8.1,-1.0
EC021,06_EC,RENTA POR HOGAR,KPI,NO,np.nan,np.nan,1.1;1.2,1.0
EC022,06_EC,RENTA NETA POR PERSONA,KPI,SI,np.nan,np.nan,1.1;1.2,1.0
EC023,06_EC,ADECUACIÓN DE LA POLÍTICA ECONÓMICA AL CONTEXTO LOCAL,KPI,SI,np.nan,np.nan,16.7,1.0
EC026,06_EC,AUTONOMÍA PRESUPUESTARIA,KPI,SI,np.nan,np.nan,16.6,1.0
EC027,06_EC,NIVEL DE ACCESO MEDIO AL ML (OFERTA/DEMANDA),KPI,SI,np.nan,np.nan,8.5,1.0
EC028,06_EC,CAPACIDAD DE AHORRO E INVERSIÓN,KPI,SI,np.nan,np.nan,1.4,1.0
EC029,06_EC,CAPACIDAD ECONÓMICA DE LA ENTIDAD LOCAL (PRESUPUESTO),KPI,SI,np.nan,np.nan,16.6,1.0
EC030,06_EC,INGRESOS DE LA ENTIDAD PÚBLICA,KPI,SI,np.nan,np.nan,16.6,1.0
EC031,06_EC,GASTO PÚBLICO,PASO,NO,np.nan,np.nan,np.nan,np.nan
EC032,06_EC,CALIDAD DEL EMPLEO,KPI,SI,np.nan,np.nan,8.5,1.0
EC033,06_EC,POBLACIÓN DESEMPLEADA,KPI,SI,np.nan,np.nan,8.5,-1.0
EC034,06_EC,POBLACIÓN EMPLEADA,KPI,SI,np.nan,MED,8.5,1.0
EC035,06_EC,UNIDADES PRODUCTIVAS,KPI,SI,np.nan,np.nan,8.3,1.0
EC036,06_EC,CONSUMO,KPI,SI,np.nan,np.nan,8.4,1.0
EC037,06_EC,GASTO POR PERSONA,PASO,SI,np.nan,np.nan,np.nan,np.nan
EC038,06_EC,IMPUESTOS DIRECTOS,PASO,NO,np.nan,np.nan,np.nan,np.nan
EC043,06_EC,DEUDA PÚBLICA,KPI,NO,np.nan,np.nan,16.6,-1.0
EC044,06_EC,GASTO PÚBLICO EN SERVICIOS BÁSICOS,PASO,SI,np.nan,np.nan,np.nan,np.nan
EC045,06_EC,GASTO PÚBLICO EN PROTECCIÓN Y PROMOCIÓN SOCIAL,PASO,SI,np.nan,np.nan,np.nan,np.nan
EC046,06_EC,GASTO EN BIENES PÚBLICOS DE CARÁCTER PREFERENTE,PASO,SI,np.nan,np.nan,np.nan,np.nan
EC047,06_EC,GASTO PÚBLICO EN ACTUACIONES DE CARÁCTER GENERAL,PASO,SI,np.nan,np.nan,np.nan,np.nan
EC059,06_EC,CONDICIONANTES DE LA ADMINISTRACIÓN SUPERIOR,COND,NO,np.nan,np.nan,np.nan,np.nan
EC060,06_EC,GASTO PÚBLICO EN ACTUACIONES DE CARÁCTER ECONÓMICO,PASO,SI,np.nan,np.nan,np.nan,np.nan
EC070,06_EC,ATRACTIVO DE ACCEDER AL MERCADO LABORAL,PASO,SI,np.nan,np.nan,np.nan,np.nan
EC077,06_EC,POBLACIÓN ACTIVA,PASO,NO,np.nan,np.nan,np.nan,np.nan
EC083,06_EC,PYMES Y EMPRESAS MEDIANAS,PASO,SI,np.nan,np.nan,np.nan,np.nan
EC085,06_EC,"ACTIVIDAD COMERCIAL, DE OCIO, HOSTELERÍA Y TURISMO (SERVICIOS)",PASO,SI,MED,MED,np.nan,np.nan
EC086,06_EC,ACTIVIDAD INDUSTRIAL,PASO,SI,np.nan,np.nan,np.nan,np.nan
EC087,06_EC,ACTIVIDAD AGRARIA,PASO,SI,np.nan,np.nan,np.nan,np.nan
EC088,06_EC,ACTIVIDAD DE PRODUCCIÓN DE ENERGÍA,PASO,SI,np.nan,np.nan,np.nan,np.nan
EC089,06_EC,GRANDES EMPRESAS,PASO,NO,np.nan,np.nan,np.nan,np.nan
EC090,06_EC,ACTIVIDAD DE CONSTRUCCIÓN,PASO,SI,np.nan,np.nan,np.nan,np.nan
EC095,06_EC,ADECUACIÓN DEL PERFIL DE LA POBLACIÓN DISPONIBLE A LA DEMANDA DE EMPLEO,PASO,SI,MED,np.nan,np.nan,np.nan
EC096,06_EC,CAPACIDAD DE INVERSIÓN DE LAS EMPRESAS,PASO,SI,np.nan,MED,np.nan,np.nan
EC097,06_EC,DESARROLLO TECNOLÓGICO,PASO,SI,np.nan,np.nan,np.nan,np.nan
EC098,06_EC,DEPENDENCIA DE SECTORES ESPECÍFICOS,PASO,SI,np.nan,np.nan,np.nan,np.nan
EC099,06_EC,ECONOMÍA DE ESCALA,PASO,SI,np.nan,np.nan,np.nan,np.nan
EC100,06_EC,ECONOMÍA SUMERGIDA,PASO,SI,np.nan,np.nan,np.nan,np.nan
EC101,06_EC,DIFERENCIA ENTRE COSTE DE PRODUCCIÓN Y COSTE BIENES,PASO,SI,np.nan,np.nan,np.nan,np.nan
EC102,06_EC,CAPACIDAD DE PRODUCCIÓN,PASO,SI,np.nan,np.nan,np.nan,np.nan
EC103,06_EC,DIFERENCIA ENTRE CONSUMO Y CAPACIDAD DE PRODUCCIÓN,PASO,SI,np.nan,np.nan,np.nan,np.nan
EC116,06_EC,GASTO EN BIENES DE PRIMERA NECESIDAD,PASO,SI,np.nan,np.nan,np.nan,np.nan
EC117,06_EC,GASTO EN BIENES DE NECESIDAD SECUNDARIA,PASO,SI,np.nan,np.nan,np.nan,np.nan
EC118,06_EC,ACTIVIDAD SANITARIA,PASO,NO,np.nan,np.nan,np.nan,np.nan
GOB001,07_GOB,ESTABILIDAD DEL CONTEXTO POLÍTICO Y NORMATIVO GENERAL,COND,NO,np.nan,np.nan,np.nan,np.nan
GOB002,07_GOB,PLAZOS Y OBJETIVOS DE LAS AYUDAS DE LA UE,COND,NO,np.nan,np.nan,np.nan,np.nan
GOB003,07_GOB,COMUNICACIÓN EFECTIVA,KPI,SI,np.nan,np.nan,16.7,1.0
GOB004,07_GOB,TRANSPARENCIA Y RENDICIÓN DE CUENTAS,KPI,SI,np.nan,np.nan,16.5;16.6; 16.7;16.8; 16.10,1.0
GOB005,07_GOB,FORTALEZA INSTITUCIONAL,KPI,SI,np.nan,MED,16.6,1.0
GOB006,07_GOB,CALIDAD DE LOS PLANES Y POLÍTICAS,KPI,SI,MED,np.nan,11.a; 13.b; 15.9,1.0
GOB007,07_GOB,COHERENCIA ENTRE PLANES,KPI,SI,np.nan,np.nan,11.a;17.14,1.0
GOB008,07_GOB,CULTURA Y MARCOS MENTALES,KPI,SI,np.nan,MED,4.7;12.8;13.b,1.0
GOB009,07_GOB,PARTICIPACIÓN EFECTIVA,KPI,SI,MED,MED,16.7;16.8,1.0
GOB011,07_GOB,ACCESO A INFORMACIÓN,KPI,SI,MED,np.nan,16.10,1.0
GOB012,07_GOB,COLABORACIÓN EFECTIVA,KPI,SI,MED,MED,17.17,1.0
GOB013,07_GOB,PERFIL DEL EQUIPO TÉCNICO DE LA ENTIDAD,PASO,SI,np.nan,np.nan,np.nan,np.nan
GOB014,07_GOB,INEFICIENCIAS INTERNAS,PASO,SI,MED,np.nan,np.nan,np.nan
GOB015,07_GOB,ESTRATEGIA INSTITUCIONAL A LARGO PLAZO,PASO,SI,np.nan,np.nan,np.nan,np.nan
GOB017,07_GOB,ESCUCHA ACTIVA,PASO,SI,np.nan,np.nan,np.nan,np.nan
GOB018,07_GOB,INTERÉS DE LA CIUDADANÍA EN LA PARTICIPACIÓN,PASO,SI,np.nan,np.nan,np.nan,np.nan
GOB019,07_GOB,COMPLEJIDAD DE LOS TRÁMITES,PASO,NO,np.nan,np.nan,np.nan,np.nan
GOB026,07_GOB,CORRUPCIÓN,KPI,SI,np.nan,np.nan,16.5,-1.0
GOB033,07_GOB,INCENTIVOS,PASO,NO,np.nan,np.nan,np.nan,np.nan
GOB034,07_GOB,CAPACITACIÓN Y FORMACIÓN PARA EL PERSONAL PÚBLICO,PASO,NO,MED,np.nan,np.nan,np.nan
GOB036,07_GOB,CAPACIDAD DE INNOVACIÓN ORGANIZACIONAL,PASO,SI,np.nan,np.nan,np.nan,np.nan
GOB037,07_GOB,INSTITUCIONALIZACIÓN DEL CAMBIO,PASO,NO,np.nan,np.nan,np.nan,np.nan
GOB042,07_GOB,CICLO POLÍTICO,COND,NO,np.nan,np.nan,np.nan,np.nan
GOB044,07_GOB,PROSPECTIVA DE ESCENARIOS FUTUROS,PASO,NO,np.nan,np.nan,np.nan,np.nan
GOB047,07_GOB,DESEQUILIBRIO DE PODER ENTRE ACTORES,PASO,SI,np.nan,np.nan,np.nan,np.nan
GOB048,07_GOB,NECESIDAD DE CAPTAR FONDOS,PASO,SI,np.nan,np.nan,np.nan,np.nan
GOB052,07_GOB,COMPETENCIA EJERCIDA / COMPETENCIA REAL,PASO,SI,np.nan,np.nan,np.nan,np.nan
GOB055,07_GOB,SENSIBILIZACIÓN Y CONCIENCIACIÓN DE LA POBLACIÓN,ENTR,SI,np.nan,np.nan,np.nan,np.nan
GOB060,07_GOB,PERCEPCIÓN DE “LO PÚBLICO”,PASO,SI,np.nan,np.nan,np.nan,np.nan
GOB062,07_GOB,OBJETIVO DE LA PARTICIPACIÓN,PASO,NO,np.nan,np.nan,np.nan,np.nan
GOB063,07_GOB,SESGO EN LA PARTICIPACIÓN,PASO,NO,np.nan,np.nan,np.nan,np.nan
GOB064,07_GOB,ACCESIBILIDAD DE LAS HERRAMIENTAS DE PARTICIPACIÓN,PASO,NO,np.nan,MED,np.nan,np.nan
GOB067,07_GOB,CLARIDAD DEL MENSAJE,PASO,NO,np.nan,np.nan,np.nan,np.nan
GOB068,07_GOB,CERCANÍA ENTRE ADMINISTRACIÓN Y CIUDADANOS,PASO,NO,np.nan,np.nan,np.nan,np.nan
GOB069,07_GOB,CALIDAD DE LOS CANALES DE COMUNICACIÓN,PASO,NO,np.nan,np.nan,np.nan,np.nan
GOB071,07_GOB,CULTURA DEL INDIVIDUALISMO,PASO,SI,np.nan,np.nan,np.nan,np.nan
GOB075,07_GOB,VISIÓN DE DIVISIÓN TERRITORIAL,PASO,SI,np.nan,np.nan,np.nan,np.nan
OD001,08_OD,UTILIDAD Y PERTINENCIA DE LOS DATOS,KPI,SI,np.nan,np.nan,17.18,1.0
OD002,08_OD,VALOR DE LOS DATOS,KPI,SI,np.nan,np.nan,17.18,1.0
OD003,08_OD,CAPACIDAD TECNOLÓGICA Y DISPONIBILIDAD DE MEDIOS DE LA ENTIDAD,KPI,SI,MED,np.nan,16.6,1.0
OD004,08_OD,SEGURIDAD Y PRIVACIDAD DE LOS DATOS,PASO,SI,np.nan,np.nan,np.nan,np.nan
OD005,08_OD,TRAZABILIDAD DE LOS DATOS,PASO,SI,np.nan,np.nan,np.nan,np.nan
OD008,08_OD,ACCESIBILIDAD DE LA INFORMACIÓN PÚBLICA,KPI,SI,MED,MED,16.10,1.0
OD015,08_OD,CALIDAD DE LA INFORMACIÓN Y DATOS PUESTOS A DISPOSICIÓN DE LA POBLACIÓN,PASO,SI,MED,np.nan,np.nan,np.nan
OD019,08_OD,INCLUSIVIDAD DEL DATO,PASO,SI,np.nan,np.nan,np.nan,np.nan
MC001,09_MC,SUPERFICIE DE SUELO DE LA ENTIDAD,COND,NO,np.nan,np.nan,np.nan,np.nan
MC002,09_MC,ESTRUCTURA DE LA ORDENACIÓN ANTERIOR,COND,NO,np.nan,np.nan,np.nan,np.nan
MC003,09_MC,REGULACIÓN DEL USO DEL SUELO,COND,NO,np.nan,np.nan,np.nan,np.nan
MC004,09_MC,ESTRUCTURA ORIGINAL DE LA CIUDAD,COND,NO,np.nan,np.nan,np.nan,np.nan
MC005,09_MC,NORMATIVA TÉCNICA OBSOLETA,COND,NO,np.nan,np.nan,np.nan,np.nan
MC006,09_MC,ANTIGÜEDAD DEL PARQUE EDIFICATORIO,COND,NO,np.nan,np.nan,np.nan,np.nan
MC007,09_MC,SUELO URBANO,PASO,SI,np.nan,np.nan,np.nan,np.nan
MC008,09_MC,SUELO NO URBANO,PASO,SI,np.nan,np.nan,np.nan,np.nan
MC009,09_MC,CALIDAD DE LA ORDENACIÓN,KPI,NO,np.nan,np.nan,11.3; 11.a,1.0
MC010,09_MC,CALIDAD DE LA PLANIFICACIÓN URBANA,KPI,SI,MED,MED,11.3; 11.a,1.0
MC011,09_MC,SOSTENIBILIDAD DE LA ESTRATEGIA DE DESARROLLO DE LA CIUDAD,KPI,SI,np.nan,np.nan,11.3; 11.a,1.0
MC012,09_MC,CALIDAD DEL ESPACIO PÚBLICO,KPI,SI,MED,np.nan,11.7,1.0
MC013,09_MC,CALIDAD DE LAS INFRAESTRUCTURAS,KPI,SI,MED,MED,9.1,1.0
MC014,09_MC,INCLUSIVIDAD DEL DISEÑO DE CIUDAD,KPI,NO,np.nan,np.nan,11.3,1.0
MC015,09_MC,BIODIVERSIDAD DE LOS ESPACIOS URBANOS,KPI,NO,np.nan,np.nan,11.4;11.6;11.7,1.0
MC016,09_MC,SOSTENIBILIDAD DEL DISEÑO DE CIUDAD,KPI,SI,np.nan,MED,11.3,1.0
MC019,09_MC,SUELO DESTINADO A USOS COMERCIALES,PASO,SI,MED,np.nan,np.nan,np.nan
MC020,09_MC,SUELO DESTINADO A USOS RESIDENCIALES,PASO,NO,MED,np.nan,np.nan,np.nan
MC021,09_MC,SUELO DESTINADO A SERVICIOS PÚBLICOS,PASO,NO,np.nan,np.nan,np.nan,np.nan
MC022,09_MC,SUELO DESTINADO A INFRAESTRUCTURAS,PASO,NO,np.nan,np.nan,np.nan,np.nan
MC023,09_MC,SUELO DESTINADO A ZONAS VERDES Y ESPACIOS ABIERTOS,KPI,SI,MED,MED,11.7,1.0
MC024,09_MC,DISTRIBUCIÓN EQUILIBRADA DE LOS USOS DEL SUELO,PASO,SI,MED,np.nan,np.nan,np.nan
MC025,09_MC,DIFICULTAD PARA LA ACTUALIZACIÓN DE LOS PLANES DE ORDENACIÓN,PASO,NO,np.nan,np.nan,np.nan,np.nan
MC026,09_MC,RIQUEZA DE ESPECIES EN LOS ESPACIOS URBANOS,PASO,NO,np.nan,np.nan,np.nan,np.nan
MC027,09_MC,SELECCIÓN DE ESPECIES ADAPTADAS A LAS CONDICIONES CLIMÁTICAS,PASO,NO,MED,MED,np.nan,np.nan
MC028,09_MC,RIQUEZA DE ECOSISTEMAS URBANOS,KPI,NO,np.nan,np.nan,11.4,1.0
MC029,09_MC,SERVICIOS CLIMÁTICOS DE LAS ZONAS VERDES,PASO,NO,np.nan,np.nan,np.nan,np.nan
MC030,09_MC,SERVICIOS ECOSISTÉMICOS DE LAS ZONAS VERDES,PASO,NO,np.nan,MED,np.nan,np.nan
MC031,09_MC,SERVICIOS SOCIO-CULTURALES,PASO,SI,MED,MED,np.nan,np.nan
MC033,09_MC,EXPANSIÓN,PASO,SI,np.nan,np.nan,np.nan,np.nan
MC034,09_MC,REGENERACIÓN Y REHABILITACIÓN,PASO,SI,MED,np.nan,11.1;11.3,np.nan
MC035,09_MC,ESTRATEGIA BASADA EN LAS DINÁMICAS DE POBLACIÓN,PASO,NO,np.nan,np.nan,np.nan,np.nan
MC036,09_MC,PLANIFICACIÓN PARA LA BIODIVERSIDAD URBANA,KPI,SI,MED,np.nan,15.9,1.0
MC043,09_MC,USO SERVICIOS  SALUD,PASO,NO,np.nan,MED,np.nan,np.nan
MC044,09_MC,USO SERVICIOS EDUCACIÓN,PASO,NO,np.nan,MED,np.nan,np.nan
MC045,09_MC,USO SERVICIOS SOCIALES,PASO,NO,np.nan,MED,np.nan,np.nan
MC046,09_MC,USO SERVICIOS CULTURALES,PASO,NO,MED,MED,np.nan,np.nan
MC047,09_MC,USO OTROS SERVICIOS PÚBLICOS,PASO,NO,np.nan,np.nan,np.nan,np.nan
MC049,09_MC,"ACCESIBILIDAD FÍSICA A SERVICIOS COMERCIALES, DE OCIO Y HOSTELERÍA",PASO,SI,np.nan,np.nan,np.nan,np.nan
MC050,09_MC,ACCESIBILIDAD FÍSICA A SERVICIOS DE SALUD,PASO,NO,np.nan,np.nan,np.nan,np.nan
MC051,09_MC,ACCESIBILIDAD FÍSICA A SERVICIOS EDUCATIVOS,PASO,NO,np.nan,np.nan,np.nan,np.nan
MC052,09_MC,ACCESIBILIDAD FÍSICA A SERVICIOS CULTURALES,PASO,NO,np.nan,np.nan,np.nan,np.nan
MC053,09_MC,ACCESIBILIDAD FÍSICA A SERVICIOS SOCIALES,PASO,NO,np.nan,np.nan,np.nan,np.nan
MC054,09_MC,ACCESIBILIDAD FÍSICA A ZONAS VERDES Y ESPACIOS ABIERTOS,PASO,SI,np.nan,np.nan,np.nan,np.nan
MC055,09_MC,LIMITACIÓN PARA CAMBIOS EN EL USO DEL SUELO,PASO,NO,np.nan,np.nan,np.nan,np.nan
MC056,09_MC,ZONAS URBANAS DEGRADADAS,PASO,SI,np.nan,np.nan,np.nan,np.nan
MC057,09_MC,ESPACIOS SATURADOS,PASO,NO,np.nan,np.nan,np.nan,np.nan
MC058,09_MC,ESPACIOS INFRAUTILIZADOS,PASO,NO,np.nan,np.nan,np.nan,np.nan
MC061,09_MC,INFRAESTRUCTURAS ESTRUCTURANTES,PASO,NO,np.nan,np.nan,np.nan,np.nan
MC062,09_MC,RETRASOS EN LA ACTUALIZACIÓN DE LA NORMATIVA,PASO,NO,np.nan,np.nan,np.nan,np.nan
MC063,09_MC,COHERENCIA ENTRE PLANES SECTORIALES Y ESTRUCTURALES,PASO,NO,np.nan,np.nan,np.nan,np.nan
MC064,09_MC,CALIDAD DE LA INFORMACIÓN PARA LA PLANIFICACIÓN,PASO,NO,np.nan,np.nan,np.nan,np.nan
MC066,09_MC,MANTENIMIENTO DE LOS EQUIPAMIENTOS E INFRAESTRUCTURAS,PASO,SI,MED,np.nan,np.nan,np.nan
MC070,09_MC,ESTADO DEL PARQUE EDIFICATORIO PÚBLICO,ENTR,SI,MED,np.nan,np.nan,np.nan
MC071,09_MC,ESTADO DEL PARQUE DE VIVIENDA,ENTR,SI,np.nan,np.nan,np.nan,np.nan
MC072,09_MC,PRIVATIZACIÓN DEL PATRIMONIO,PASO,SI,np.nan,np.nan,np.nan,np.nan
MC073,09_MC,PATRIMONIO PÚBLICO,PASO,SI,np.nan,np.nan,np.nan,np.nan
MC081,09_MC,ESPECIES AUTÓCTONAS,PASO,NO,MED,np.nan,np.nan,np.nan
MC082,09_MC,ESPECIES INVASORAS,KPI,NO,np.nan,np.nan,15.8,-1.0
MC083,09_MC,CONTAMINACIÓN GENÉTICA,PASO,NO,np.nan,np.nan,np.nan,np.nan
MC085,09_MC,DIFICULTAD PARA LA RECOPILACIÓN DE INFORMACIÓN,PASO,NO,np.nan,np.nan,np.nan,np.nan
MC087,09_MC,CIENCIA CIUDADANA (MONITORIZACIÓN E IDENTIFICACIÓN),PASO,NO,np.nan,np.nan,np.nan,np.nan
MC092,09_MC,PLAGAS,PASO,NO,np.nan,np.nan,np.nan,np.nan
MC093,09_MC,TRANSMISIÓN DE ENFERMEDADES,KPI,NO,np.nan,np.nan,3.3,-1.0
MC094,09_MC,CUBIERTAS VERDES Y JARDINES VERTICALES,PASO,NO,MED,np.nan,np.nan,np.nan
MC098,09_MC,HUERTOS URBANOS,PASO,NO,MED,MED,np.nan,np.nan
MC100,09_MC,PARQUES HISTÓRICOS,PASO,NO,np.nan,np.nan,np.nan,np.nan
MC101,09_MC,PATRIMONIO CULTURAL,KPI,NO,MED,np.nan,11.4,1.0
MC103,09_MC,AULAS VERDES,PASO,NO,np.nan,np.nan,np.nan,np.nan
MC104,09_MC,EDUCACIÓN SOBRE EL MEDIO NATURAL,PASO,NO,np.nan,np.nan,np.nan,np.nan
MC105,09_MC,SINERGIA ENTRE ZONAS VERDES Y EQUIPAMIENTOS,PASO,NO,np.nan,np.nan,np.nan,np.nan
MC106,09_MC,ZONAS DEPORTIVAS,PASO,SI,MED,MED,np.nan,np.nan
MC107,09_MC,ESPACIOS PÚBLICOS DE OCIO,PASO,SI,MED,np.nan,np.nan,np.nan
MC108,09_MC,COHESIÓN SOCIAL,PASO,NO,np.nan,np.nan,np.nan,np.nan
MC109,09_MC,UTILIZACIÓN DE LOS ESPACIOS VERDES,PASO,SI,np.nan,np.nan,np.nan,np.nan
MC110,09_MC,USO INTENSIVO NO ADECUADO,PASO,NO,np.nan,np.nan,np.nan,np.nan
MC111,09_MC,INTERÉS EN EL DISEÑO Y MANTENIMIENTO DE ESPACIOS VERDES,PASO,SI,np.nan,np.nan,np.nan,np.nan
MC112,09_MC,ACCESIBILIDAD FÍSICA A INSTALACIONES DEPORTIVAS,PASO,NO,np.nan,np.nan,np.nan,np.nan
VIV001,10_VIV,PARQUE DE VIVIENDA DISPONIBLE,PASO,SI,MED,MED,np.nan,np.nan
VIV002,10_VIV,ACCESIBILIDAD A LA VIVIENDA,KPI,SI,np.nan,MED,11.1,1.0
VIV003,10_VIV,PARQUE DE VIVIENDA DISPONIBLE PARA ALQUILER,PASO,SI,MED,np.nan,np.nan,np.nan
VIV004,10_VIV,PARQUE DE VIVIENDA DISPONIBLE PARA COMPRA,PASO,SI,np.nan,np.nan,np.nan,np.nan
VIV005,10_VIV,PARQUE DE VIVIENDA DISPONIBLE PARA USOS TURÍSTICOS,PASO,SI,np.nan,np.nan,np.nan,np.nan
VIV006,10_VIV,PERCEPCIÓN DE SEGURIDAD DE LOS ARRENDADORES,PASO,NO,np.nan,np.nan,np.nan,np.nan
VIV007,10_VIV,LIMITACIONES NORMATIVAS,COND,NO,np.nan,np.nan,np.nan,np.nan
VIV011,10_VIV,POBLACIÓN CON ACCESO AL ALQUILER,PASO,SI,MED,np.nan,11.1,np.nan
VIV012,10_VIV,VIVIENDAS ALQUILADAS,PASO,SI,np.nan,np.nan,np.nan,np.nan
VIV014,10_VIV,PRECIO DEL ALQUILER,PASO,SI,np.nan,np.nan,np.nan,np.nan
VIV016,10_VIV,ATRACTIVO DE PONER UNA VIVIENDA EN ALQUILER,PASO,SI,np.nan,np.nan,np.nan,np.nan
VIV019,10_VIV,PRECIO DE VENTA,PASO,SI,np.nan,np.nan,np.nan,np.nan
VIV020,10_VIV,POBLACIÓN CON ACCESO A COMPRA,PASO,SI,MED,np.nan,11.1,np.nan
VIV021,10_VIV,ATRACTIVO DE PONER UNA VIVIENDA EN VENTA,PASO,SI,np.nan,np.nan,np.nan,np.nan
VIV023,10_VIV,PERCEPCIÓN DE DIFICULTAD DE MANTENIMIENTO DE UNA VIVIENDA EN PROPIEDAD,PASO,NO,np.nan,np.nan,np.nan,np.nan
VIV024,10_VIV,PERCEPCIÓN DE DIFICULTAD DE GESTIÓN DE UNA VIVIENDA EN PROPIEDAD,PASO,NO,np.nan,np.nan,np.nan,np.nan
VIV025,10_VIV,PERCEPCIÓN DE DIFICULTAD DE MANTENIMIENTO DE UNA VIVIENDA EN ALQUILER,PASO,NO,np.nan,np.nan,np.nan,np.nan
VIV026,10_VIV,PERCEPCIÓN DE DIFICULTAD DE GESTIÓN DE LA VIVIENDA PARA ALQUILER,PASO,NO,np.nan,np.nan,np.nan,np.nan
VIV028,10_VIV,VIVIENDAS COMPRADAS,PASO,SI,np.nan,np.nan,np.nan,np.nan
VIV029,10_VIV,DEMANDA DE ALOJAMIENTO TURÍSTICO,PASO,SI,np.nan,np.nan,np.nan,np.nan
VIV030,10_VIV,INTENSIDAD TURÍSTICA,KPI,NO,np.nan,np.nan,np.nan,-1.0
VIV031,10_VIV,PRECIO DEL ALQUILER TURÍSTICO,PASO,SI,np.nan,np.nan,np.nan,np.nan
VIV033,10_VIV,PERCEPCIÓN DE DIFICULTAD DE MANTENIMIENTO DE UNA VIVIENDA TURÍSTICA,PASO,NO,np.nan,np.nan,np.nan,np.nan
VIV034,10_VIV,PERCEPCIÓN DE DIFICULTAD DE GESTIÓN DE UNA VIVIENDA TURÍSTICA,PASO,NO,np.nan,np.nan,np.nan,np.nan
VIV035,10_VIV,ATRACTIVO DE TENER UNA VIVIENDA PARA USOS TURÍSTICOS,PASO,SI,np.nan,np.nan,np.nan,np.nan
VIV039,10_VIV,POBLACIÓN EN BUSCA DE VIVIENDA,PASO,SI,np.nan,np.nan,np.nan,np.nan
MS001,11_MS,NORMATIVA DE LAS ZBE,COND,NO,np.nan,np.nan,np.nan,np.nan
MS002,11_MS,VIARIO POR EL QUE PUEDEN CIRCULAR PEATONES,PASO,NO,MED,np.nan,np.nan,np.nan
MS003,11_MS,VIARIO PARA LA CIRCULACIÓN DE VEHÍCULOS DE MOTOR,PASO,NO,np.nan,np.nan,np.nan,np.nan
MS004,11_MS,VIARIO PARA LA CIRCULACIÓN DE BICICLETAS,PASO,NO,MED,MED,np.nan,np.nan
MS005,11_MS,INFRAESTRUCTURA FERROVIARIA,PASO,NO,np.nan,np.nan,np.nan,np.nan
MS006,11_MS,INFRAESTRUCTURAS DE TRANSPORTE PÚBLICO COLECTIVO,PASO,SI,MED,MED,np.nan,np.nan
MS007,11_MS,APARCAMIENTO,PASO,NO,MED,np.nan,np.nan,np.nan
MS008,11_MS,SEPARACIÓN DE LAS IF PARA EL TRÁFICO MOTORIZADO DE OTROS MODOS DE TRANSPORTE,PASO,NO,MED,MED,np.nan,np.nan
MS009,11_MS,CAMINABILIDAD,PASO,NO,MED,np.nan,np.nan,np.nan
MS010,11_MS,DESPLAZAMIENTOS A PIE,KPI,NO,np.nan,np.nan,11.2,1.0
MS011,11_MS,ACCESIBILIDAD FÍSICA A CARRILES BICI,PASO,NO,MED,np.nan,np.nan,np.nan
MS012,11_MS,DESPLAZAMIENTOS EN BICI,KPI,NO,np.nan,np.nan,11.2,1.0
MS013,11_MS,MOVILIDAD ACTIVA,KPI,NO,np.nan,np.nan,11.3,1.0
MS014,11_MS,DESPLAZAMIENTOS EN OTROS MODOS DE MICROMOVILIDAD,PASO,NO,MED,np.nan,np.nan,np.nan
MS015,11_MS,ACCESIBILIDAD FÍSICA A TRANSPORTE PÚBLICO,PASO,NO,MED,np.nan,np.nan,np.nan
MS016,11_MS,DESPLAZAMIENTOS EN TRANSPORTE PÚBLICO,KPI,NO,np.nan,np.nan,11.2,1.0
MS017,11_MS,INTERCONEXIÓN ENTRE ZONAS,PASO,SI,MED,np.nan,np.nan,np.nan
MS018,11_MS,FACILIDAD DE DESPLAZAMIENTO EN TRANSPORTE PÚBLICO,PASO,SI,MED,np.nan,np.nan,np.nan
MS019,11_MS,DESPLAZAMIENTOS EN VEHÍCULO PRIVADO,PASO,SI,np.nan,np.nan,np.nan,np.nan
MS020,11_MS,ÍNDICE DE MOTORIZACIÓN,PASO,NO,np.nan,np.nan,np.nan,np.nan
MS021,11_MS,ELECTRIFICACIÓN DE LA FLOTA DE VEHÍCULOS PRIVADOS (ECO),PASO,NO,np.nan,np.nan,np.nan,np.nan
MS022,11_MS,ELECTRIFICACIÓN DEL PARQUE PÚBLICO DE VEHÍCULOS (ECO),ENTR,NO,np.nan,np.nan,np.nan,np.nan
MS023,11_MS,COMPETENCIAS LOCALES EN MATERIA DE MOVILIDAD,COND,NO,np.nan,np.nan,np.nan,np.nan
MS024,11_MS,LIMITACIÓN DEL TRÁFICO EN NÚCLEOS URBANOS,PASO,NO,MED,np.nan,np.nan,np.nan
MS025,11_MS,FACILIDAD DE DESPLAZAMIENTO EN VEHÍCULO PRIVADO,PASO,SI,np.nan,np.nan,np.nan,np.nan
MS026,11_MS,DESPLAZAMIENTOS EN VEHÍCULO MOTORIZADO,KPI,NO,np.nan,np.nan,11.1,-1.0
MS027,11_MS,ACCIDENTES DE TRÁFICO,KPI,NO,np.nan,np.nan,3.6,-1.0
MS028,11_MS,SEGURIDAD VIAL,PASO,NO,MED,np.nan,np.nan,np.nan
MS030,11_MS,CALZADA PARA VEHÍCULOS,PASO,NO,np.nan,np.nan,np.nan,np.nan
MS031,11_MS,NODOS MULTIMODALES,PASO,NO,MED,MED,np.nan,np.nan
MS033,11_MS,NECESIDADES DE DESPLAZAMIENTO DE LA POBLACIÓN,PASO,NO,np.nan,np.nan,np.nan,np.nan
MS034,11_MS,MOVILIDAD VINCULADA A LOS SERVICIOS PÚBLICOS,PASO,NO,np.nan,np.nan,np.nan,np.nan
MS035,11_MS,MOVILIDAD VINCULADA AL CONSUMO,PASO,NO,np.nan,np.nan,np.nan,np.nan
MS036,11_MS,MOVILIDAD VINCULADA AL OCIO,PASO,NO,np.nan,np.nan,np.nan,np.nan
MS037,11_MS,TRANSPORTE DE MERCANCÍAS (ÚLTIMA MILLA),PASO,NO,np.nan,np.nan,np.nan,np.nan
MS038,11_MS,TRANSPORTE DE MERCANCÍAS EN VEHÍCULO MOTORIZADO,PASO,NO,np.nan,np.nan,np.nan,np.nan
MS039,11_MS,TRANSPORTE DE MERCANCÍAS EN MICROMOVILIDAD,PASO,NO,np.nan,np.nan,np.nan,np.nan
MS040,11_MS,CONGESTIÓN DEL TRÁFICO RODADO,PASO,SI,np.nan,MED,np.nan,np.nan
BIO001,12_BIO,RIQUEZA DE ESPECIES INICIAL,COND,NO,np.nan,np.nan,np.nan,np.nan
BIO002,12_BIO,BIODIVERSIDAD DE LOS ESPACIOS PERI-URBANOS,KPI,SI,np.nan,np.nan,15.1; 15.4,1.0
BIO003,12_BIO,PRESIONES GENERADAS POR LA PRESENCIA HUMANA,PASO,NO,np.nan,np.nan,np.nan,np.nan
BIO004,12_BIO,SALUD DE LOS ECOSISTEMAS PERI-URBANOS,KPI,SI,np.nan,np.nan,15.1; 15.4,1.0
BIO005,12_BIO,SUELO AGRARIO,PASO,NO,np.nan,np.nan,np.nan,np.nan
BIO006,12_BIO,SUELO NATURAL Y SEMINATURAL,PASO,SI,np.nan,np.nan,np.nan,np.nan
BIO007,12_BIO,SUELO NO URBANIZABLE,PASO,SI,np.nan,np.nan,np.nan,np.nan
BIO008,12_BIO,RIQUEZA DE ECOSISTEMAS DE LOS ESPACIOS PERI-URBANOS,PASO,SI,np.nan,np.nan,np.nan,np.nan
BIO009,12_BIO,RIQUEZA DE ESPECIES DE LOS ESPACIOS PERI-URBANOS,PASO,SI,np.nan,np.nan,np.nan,np.nan
BIO010,12_BIO,CONSERVACIÓN DE ESPECIES,PASO,NO,np.nan,np.nan,np.nan,np.nan
BIO011,12_BIO,GESTIÓN ADECUADA Y PROTECCIÓN DE LAS ZONAS NATURALES,PASO,NO,MED,np.nan,np.nan,np.nan
BIO013,12_BIO,CAMBIOS EN LOS USOS DEL SUELO,PASO,SI,np.nan,np.nan,np.nan,np.nan
BIO014,12_BIO,NÚCLEOS PERI-URBANOS,PASO,SI,np.nan,np.nan,np.nan,np.nan
BIO015,12_BIO,SUPERFICIE AGRARIA ÚTIL,PASO,NO,np.nan,np.nan,np.nan,np.nan
BIO016,12_BIO,ESPACIOS NATURALES PROTEGIDOS,PASO,SI,np.nan,np.nan,np.nan,np.nan
BIO017,12_BIO,AGRICULTURA SOSTENIBLE,PASO,NO,np.nan,np.nan,np.nan,np.nan
BIO018,12_BIO,INFRAESTRUCTURAS VIARIAS,PASO,NO,np.nan,np.nan,np.nan,np.nan
BIO020,12_BIO,FRAGMENTACIÓN DE HÁBITATS,PASO,NO,np.nan,np.nan,np.nan,np.nan
BIO021,12_BIO,MASAS DE AGUA,PASO,SI,np.nan,np.nan,np.nan,np.nan
BIO022,12_BIO,COBERTURA HERBÁCEA Y ARBUSTIVA,PASO,SI,np.nan,np.nan,np.nan,np.nan
BIO023,12_BIO,COBERTURA ARBÓREA,PASO,SI,np.nan,np.nan,np.nan,np.nan
BIO024,12_BIO,SUPERFICIE QUEMADA,PASO,NO,np.nan,np.nan,np.nan,np.nan
BIO025,12_BIO,EROSIÓN Y DEGRADACIÓN DEL SUELO,PASO,SI,np.nan,MED,np.nan,np.nan
BIO026,12_BIO,ALTERACIÓN DE LOS CICLOS DE LOS NUTRIENTES,PASO,SI,np.nan,np.nan,np.nan,np.nan
BIO027,12_BIO,CAMBIO EN LOS CICLOS DE CRECIMIENTO Y DESARROLLO Y EN LOS PATRONES DE COMPORTAMIENTO DE LAS ESPECIES,PASO,SI,np.nan,np.nan,np.nan,np.nan
BIO029,12_BIO,DESARROLLO DE PLAGAS Y ENFERMEDADES,PASO,SI,np.nan,np.nan,np.nan,np.nan
BIO030,12_BIO,NIVEL DE RIESGO PARA LAS ESPECIES EN PELIGRO,PASO,SI,np.nan,np.nan,np.nan,np.nan
BIO031,12_BIO,ACCESO FÍSICO A ZONAS NATURALES Y SEMI-NATURALES,PASO,NO,np.nan,np.nan,np.nan,np.nan
DES001,13_DES,DESIGUALDAD ECONÓMICA,KPI,SI,np.nan,np.nan,10.2,-1.0
DES002,13_DES,DESIGUALDADES ESPACIALES,KPI,SI,MED,np.nan,11.3,-1.0
DES003,13_DES,DESIGUALDADES EN SALUD,KPI,SI,np.nan,np.nan,3.8,-1.0
DES004,13_DES,DESIGUALDADES EDUCATIVAS,KPI,SI,MED,np.nan,4.5,-1.0
DES005,13_DES,DESIGUALDADES EN CUIDADOS,KPI,SI,MED,np.nan,5.4,-1.0
DES006,13_DES,DESIGUALDADES CULTURALES,KPI,SI,MED,np.nan,11.4,-1.0
DES007,13_DES,DESIGUALDADES EN MOVILIDAD,KPI,SI,np.nan,np.nan,11.2,-1.0
DES008,13_DES,DESIGUALDADES EN EL MERCADO LABORAL,KPI,SI,np.nan,np.nan,8.5,-1.0
DES009,13_DES,DESIGUALDADES POLÍTICAS,KPI,NO,np.nan,np.nan,10.2; 16.7; 16.8,-1.0
DES010,13_DES,POBLACIÓN EN SITUACIÓN ECONÓMICA VULNERABLE,KPI,SI,MED,np.nan,1.2,-1.0
DES011,13_DES,ACCESO A BIENES DE CALIDAD Y DURABILIDAD,PASO,SI,np.nan,np.nan,np.nan,np.nan
DES012,13_DES,POBREZA ENERGÉTICA,KPI,SI,np.nan,np.nan,7.1,-1.0
DES015,13_DES,SALUD DE LA POBLACIÓN,KPI,SI,np.nan,np.nan,3.2,1.0
DES016,13_DES,NIVEL DE EDUCACIÓN Y FORMACIÓN DE LA POBLACIÓN,KPI,SI,np.nan,np.nan,4.5,1.0
DES017,13_DES,CALIDAD DE VIDA,KPI,NO,np.nan,np.nan,np.nan,1.0
DES019,13_DES,NIVEL DE ESFUERZO PARA CUBRIR LOS GASTOS EN BIENES DE PRIMERA NECESIDAD,PASO,SI,np.nan,np.nan,np.nan,np.nan
DES021,13_DES,ACCESO A ALIMENTACIÓN DE CALIDAD,KPI,SI,np.nan,np.nan,2.2,1.0
DES024,13_DES,ACCESO A VIVIENDA DE CALIDAD,PASO,SI,np.nan,np.nan,np.nan,np.nan
DES025,13_DES,INFRAVIVIENDA,PASO,SI,np.nan,np.nan,np.nan,np.nan
DES031,13_DES,ACCESIBILIDAD ECONÓMICA A SERVICIOS EDUCATIVOS,PASO,SI,np.nan,np.nan,np.nan,np.nan
DES034,13_DES,CARGA DEL CUIDADO,PASO,SI,MED,np.nan,np.nan,np.nan
DES037,13_DES,MOVILIDAD VINCULADA AL TRABAJO,PASO,SI,np.nan,np.nan,np.nan,np.nan
DES038,13_DES,TIEMPO DESTINADO A TRANSPORTE,PASO,NO,np.nan,np.nan,np.nan,np.nan
DES039,13_DES,CONCIENCIA SOCIAL,PASO,NO,np.nan,np.nan,np.nan,np.nan
DES040,13_DES,TIEMPO DE OCIO DISPONIBLE,PASO,SI,np.nan,np.nan,np.nan,np.nan
DES041,13_DES,SALUD MENTAL,PASO,SI,np.nan,np.nan,np.nan,np.nan
DES042,13_DES,POBREZA LABORAL,PASO,SI,np.nan,np.nan,np.nan,np.nan
DES044,13_DES,RACISMO Y XENOFOBIA,PASO,NO,np.nan,np.nan,np.nan,np.nan
DES045,13_DES,AISLAMIENTO SOCIAL,PASO,SI,np.nan,np.nan,np.nan,np.nan
DES046,13_DES,MOVILIDAD VINCULADA AL CIUDADO,PASO,NO,np.nan,np.nan,np.nan,np.nan
DES047,13_DES,PROXIMIDAD A SERVICIOS,PASO,NO,np.nan,np.nan,np.nan,np.nan
DES048,13_DES,ESPERANZA DE VIDA,KPI,NO,np.nan,np.nan,3.2,1.0
DES050,13_DES,SALUBRIDAD DEL ENTORNO,PASO,SI,np.nan,np.nan,np.nan,np.nan
DES051,13_DES,AUTONOMÍA ECONÓMICA,PASO,SI,np.nan,np.nan,np.nan,np.nan
DES053,13_DES,INCIDENCIA DE LA CRIMINALIDAD,KPI,SI,np.nan,np.nan,16.1,-1.0
DI001,14_DI,DESIGUALDADES INTERSECCIONALES,KPI,SI,np.nan,MED,10.3,-1.0
DI152,14_DI,BRECHA DIGITAL,PASO,NO,MED,np.nan,np.nan,np.nan
DI153,14_DI,BARRERAS A LA ACCESIBILIDAD UNIVERSAL,PASO,NO,MED,np.nan,np.nan,np.nan
DI154,14_DI,BARRERA DEL IDIOMA,PASO,NO,np.nan,np.nan,np.nan,np.nan
